<Page class="page"
    xmlns="http://schemas.nativescript.org/tns.xsd"
    loaded="pageLoaded">

    <ActionBar class="action-bar">
        <Label class="action-bar-title" text="{{ name }}"></Label>
    </ActionBar>

    <StackLayout>
        <Label text="Coby Killough" class="nameHeader" />
        <Label text="This program is in fulfillment of CMSC 4233 Spring 2019 Assignment 2" textWrap="true" />
    </StackLayout>
    <!-- <TabView androidTabsPosition="bottom">
        <TabViewItem title="Home">
            <StackLayout>
                <Label text="Coby Killough" class="nameHeader" />
                <Label text="This program is in fulfillment of CMSC 4233 Spring 2019 Assignment 2" textWrap="true" />
            </StackLayout>
        </TabViewItem>
        <TabViewItem title="Gestures">
            <StackLayout>
                <Label text="Long Press for Height" longPress="onLongPress" class="gestureLabel" />
                <Label text="Double Tap for Weight" doubleTap="onDoubleTap" class="gestureLabel" />
                <Label text="Swipe" swipe="onSwipe" class="gestureLabel" />
            </StackLayout>
        </TabViewItem>
        <TabViewItem title="Settings">
            <StackLayout>
                <GridLayout columns="auto, 50, *" rows="auto, auto, auto">
                    <Label text="Name" />
                    <Button col="1" colSpan="2" text="{{ name }}" tap="{{ promptName }}" />

                    <Label text="Height" row="1" />
                    <TextField row="1" col="1" text="{{ height }}" keyboardType="number" />
                    <Label col="2" row="1" text="inches" />

                    <Label row="2" text="Weight" />
                    <TextField row="2" col="1" text="{{ weight }}" keyboardType="number" />
                    <Label row="2" col="2" text="lbs" />
                </GridLayout>
            </StackLayout>
        </TabViewItem>
    </TabView> -->
</Page>
